t,addr,owner,current_round,file_id,chunk_id,mess_id,type,sent,received,forwarded,success,messages_in_queue
187905.522392002,emwz6j4i58hx,Britany,1,v0zd4m,16,58834,2,0,100,0,True,0
187919.209346163,emwz6j4i58hx,Britany,2,v0zd4m,12,3373,2,0,100,0,True,0
187920.390213647,emwz6j4i58hx,Britany,2,v0zd4m,50,58953,2,0,100,0,True,0
187925.753764236,emwz6j4i58hx,Britany,3,v0zd4m,35,57118,2,0,100,0,True,0
187926.877309963,emwz6j4i58hx,Britany,3,v0zd4m,60,21846,2,0,100,0,True,0
187928.107248001,emwz6j4i58hx,Britany,3,v0zd4m,61,32417,2,0,100,0,True,0
187931.756875136,emwz6j4i58hx,Britany,4,v0zd4m,74,62641,2,0,100,0,True,0
187934.04924831,emwz6j4i58hx,Britany,4,v0zd4m,8,9972,2,0,100,0,True,0
187938.860428459,emwz6j4i58hx,Britany,4,v0zd4m,71,15019,2,0,100,0,True,0
188002.142509875,emwz6j4i58hx,Britany,11,v0zd4m,27,36458,2,0,100,0,True,0
188003.012399284,emwz6j4i58hx,Britany,11,v0zd4m,15,36119,2,0,100,0,True,0
188005.255249586,emwz6j4i58hx,Britany,11,v0zd4m,1,22059,2,0,100,0,True,0
188005.769145938,emwz6j4i58hx,Britany,11,v0zd4m,17,48424,2,0,100,0,True,0
188006.411359123,emwz6j4i58hx,Britany,11,v0zd4m,63,54159,2,0,100,0,True,0
188007.212946991,emwz6j4i58hx,Britany,11,v0zd4m,36,45400,2,0,100,0,True,0
188008.560273888,emwz6j4i58hx,Britany,11,v0zd4m,48,32124,2,0,100,0,True,0
188023.972996805,emwz6j4i58hx,Britany,13,v0zd4m,49,38251,2,0,100,0,True,0
188025.766625553,emwz6j4i58hx,Britany,13,v0zd4m,49,44425,2,0,100,0,True,0
188027.4112351,emwz6j4i58hx,Britany,13,v0zd4m,65,55289,2,0,100,0,True,0
188030.089580843,emwz6j4i58hx,Britany,13,v0zd4m,72,9950,2,0,100,0,True,0
188030.143887923,emwz6j4i58hx,Britany,13,v0zd4m,65,52253,2,0,100,0,True,0
188030.502620306,emwz6j4i58hx,Britany,13,v0zd4m,9,12090,2,0,100,0,True,0
188031.749593699,emwz6j4i58hx,Britany,13,v0zd4m,9,2069,2,0,100,0,True,0
188061.846095522,emwz6j4i58hx,Britany,17,v0zd4m,9,62726,2,0,100,0,True,0
