t,addr,owner,current_round,file_id,chunk_id,mess_id,type,sent,received,forwarded,success,messages_in_queue
187923.699152354,3h4dmsmzfm8e,Britany,3,v0zd4m,78,58999,2,0,100,0,True,0
187924.972332875,3h4dmsmzfm8e,Britany,3,v0zd4m,56,19946,2,0,100,0,True,0
187930.797608329,3h4dmsmzfm8e,Britany,3,v0zd4m,68,28884,2,0,100,0,True,0
187955.070930038,3h4dmsmzfm8e,Britany,6,v0zd4m,32,21547,2,0,100,0,True,0
187972.600187379,3h4dmsmzfm8e,Britany,8,v0zd4m,55,9823,2,0,100,0,True,0
187973.473609841,3h4dmsmzfm8e,Britany,8,v0zd4m,43,61076,2,0,100,0,True,0
187973.804481897,3h4dmsmzfm8e,Britany,8,v0zd4m,25,54644,2,0,100,0,True,0
187974.186450239,3h4dmsmzfm8e,Britany,8,v0zd4m,31,64033,2,0,100,0,True,0
187976.804239795,3h4dmsmzfm8e,Britany,8,v0zd4m,21,17686,2,0,100,0,True,0
187977.555552875,3h4dmsmzfm8e,Britany,8,v0zd4m,57,48169,2,0,100,0,True,0
187978.661973289,3h4dmsmzfm8e,Britany,8,v0zd4m,34,36378,2,0,100,0,True,0
187979.798000821,3h4dmsmzfm8e,Britany,8,v0zd4m,5,19245,2,0,100,0,True,0
187980.217982501,3h4dmsmzfm8e,Britany,8,v0zd4m,77,54728,2,0,100,0,True,0
187992.093080763,3h4dmsmzfm8e,Britany,10,v0zd4m,52,46755,2,0,100,0,True,0
187997.184070206,3h4dmsmzfm8e,Britany,10,v0zd4m,28,20634,2,0,100,0,True,0
188004.078238971,3h4dmsmzfm8e,Britany,11,v0zd4m,30,64031,2,0,100,0,True,0
188004.58912913,3h4dmsmzfm8e,Britany,11,v0zd4m,58,15683,2,0,100,0,True,0
188004.972643262,3h4dmsmzfm8e,Britany,11,v0zd4m,44,39397,2,0,100,0,True,0
188010.056075884,3h4dmsmzfm8e,Britany,11,v0zd4m,18,16056,2,0,100,0,True,0
188025.852606569,3h4dmsmzfm8e,Britany,13,v0zd4m,11,16180,2,0,100,0,True,0
188026.176921193,3h4dmsmzfm8e,Britany,13,v0zd4m,65,44594,2,0,100,0,True,0
188026.256448063,3h4dmsmzfm8e,Britany,13,v0zd4m,49,41423,2,0,100,0,True,0
188028.524078193,3h4dmsmzfm8e,Britany,13,v0zd4m,14,12985,2,0,100,0,True,0
188041.813054605,3h4dmsmzfm8e,Britany,15,v0zd4m,11,30241,2,0,100,0,True,0
