t,addr,owner,current_round,file_id,chunk_id,mess_id,type,sent,received,forwarded,success,messages_in_queue
187941.245171174,8ei4i1a7luff,Delaine,4,oh3937,16,60664,2,0,100,0,True,0
187962.564954156,8ei4i1a7luff,Delaine,6,oh3937,29,33635,2,0,100,0,True,0
187968.650427842,8ei4i1a7luff,Delaine,7,oh3937,58,35302,2,0,100,0,True,0
187970.807085994,8ei4i1a7luff,Delaine,7,oh3937,35,6334,2,0,100,0,True,0
187971.660985366,8ei4i1a7luff,Delaine,7,oh3937,73,4321,2,0,100,0,True,0
187995.981651994,8ei4i1a7luff,Delaine,10,oh3937,47,29430,2,0,100,0,True,0
187996.592058914,8ei4i1a7luff,Delaine,10,oh3937,13,65431,2,0,100,0,True,0
187999.40030439,8ei4i1a7luff,Delaine,10,oh3937,68,53919,2,0,100,0,True,0
188083.266600211,8ei4i1a7luff,Delaine,19,oh3937,66,41718,2,0,100,0,True,0
