t,addr,owner,current_round,file_id,chunk_id,mess_id,type,sent,received,forwarded,success,messages_in_queue
187900.782605085,q11lpj8r7xir,Lorine,0,614z9c,17,65276,1,0,0,228,True,0
187913.145074394,q11lpj8r7xir,Lorine,2,614z9c,4,33373,1,0,0,228,True,0
187916.082918634,q11lpj8r7xir,Lorine,2,614z9c,31,63311,1,0,0,228,True,0
187965.828105026,q11lpj8r7xir,Lorine,7,614z9c,62,48289,2,0,0,100,True,0
188023.034178968,q11lpj8r7xir,Lorine,13,614z9c,72,28527,2,0,0,100,True,0
188044.214932284,q11lpj8r7xir,Lorine,15,614z9c,8,28136,1,0,0,228,True,0
188045.676101938,q11lpj8r7xir,Lorine,15,614z9c,56,1099,1,0,0,228,True,0
188047.882573756,q11lpj8r7xir,Lorine,15,614z9c,45,32394,1,0,0,228,True,0
188049.110392957,q11lpj8r7xir,Lorine,15,614z9c,56,1099,2,0,0,100,True,0
188051.730197756,q11lpj8r7xir,Lorine,15,614z9c,45,32394,2,0,0,100,True,0
188055.642865754,q11lpj8r7xir,Lorine,16,614z9c,19,12095,2,0,0,100,True,0
188057.300623495,q11lpj8r7xir,Lorine,16,614z9c,66,44462,2,0,0,100,True,0
188094.4251075,q11lpj8r7xir,Lorine,20,614z9c,50,54516,1,0,0,228,True,0
188097.308815167,q11lpj8r7xir,Lorine,20,614z9c,42,10626,1,0,0,228,True,0
188103.237039003,q11lpj8r7xir,Lorine,21,614z9c,37,20783,1,0,0,228,True,0
188103.677779578,q11lpj8r7xir,Lorine,21,614z9c,42,19438,2,0,0,100,True,0
188105.473968764,q11lpj8r7xir,Lorine,21,614z9c,37,7148,1,0,0,228,True,0
