t,user,current_round
197692.740994888,Morty,0
197702.931515794,Morty,1
197714.149155151,Morty,2
197726.918505701,Morty,3
197737.068387593,Morty,4
197747.145403964,Morty,5
197758.326643856,Morty,6
