t,user,current_round
197692.753926582,Renna,0
197702.940557682,Renna,1
197714.161228766,Renna,2
197726.92883139,Renna,3
197737.081315026,Renna,4
197747.158490762,Renna,5
197758.33404258,Renna,6
