t,addr,owner,current_round,file_id,chunk_id,mess_id,type,sent,received,forwarded,success,messages_in_queue
189705.799611291,lvstajt8zuum,Queen,0,gkjg4a,16,6585,1,0,228,0,True,0
189706.165162633,lvstajt8zuum,Queen,0,gkjg4a,16,6585,2,100,0,0,True,0
189706.587733229,lvstajt8zuum,Queen,0,gkjg4a,12,4091,1,0,228,0,True,0
189706.950713108,lvstajt8zuum,Queen,0,gkjg4a,12,4091,2,100,0,0,True,0
189719.659950514,lvstajt8zuum,Queen,2,gkjg4a,56,16963,2,0,0,100,True,0
189720.7149326,lvstajt8zuum,Queen,2,gkjg4a,9,63859,2,0,0,100,True,0
189726.677507112,lvstajt8zuum,Queen,2,gkjg4a,6,55826,2,0,0,100,True,0
189738.431281114,lvstajt8zuum,Queen,4,gkjg4a,4,42083,1,0,228,0,True,0
189738.843811808,lvstajt8zuum,Queen,4,gkjg4a,4,42083,2,100,0,0,True,0
189742.901512624,lvstajt8zuum,Queen,4,3ormp2,14,24636,2,0,100,0,True,0
189744.667711103,lvstajt8zuum,Queen,4,gkjg4a,70,58201,1,0,228,0,True,1
189745.053174909,lvstajt8zuum,Queen,4,gkjg4a,70,58201,2,100,0,0,True,2
189745.058203966,lvstajt8zuum,Queen,4,3ormp2,26,36734,2,0,100,0,True,1
189745.062546848,lvstajt8zuum,Queen,4,gkjg4a,13,36847,1,0,228,0,True,0
189745.43351593,lvstajt8zuum,Queen,4,gkjg4a,13,36847,2,100,0,0,True,0
189746.054187898,lvstajt8zuum,Queen,4,3ormp2,24,54101,2,0,100,0,True,0
189747.548405437,lvstajt8zuum,Queen,4,gkjg4a,17,28906,1,0,228,0,True,0
189747.90987937,lvstajt8zuum,Queen,4,gkjg4a,17,28906,2,100,0,0,True,0
189750.364034693,lvstajt8zuum,Queen,5,gkjg4a,37,30165,1,0,228,0,True,0
189750.735588431,lvstajt8zuum,Queen,5,gkjg4a,37,30165,2,100,0,0,True,0
189751.73708242,lvstajt8zuum,Queen,5,3ormp2,6,46565,2,0,100,0,True,0
189753.997753243,lvstajt8zuum,Queen,5,3ormp2,8,8548,2,0,100,0,True,0
189757.117141385,lvstajt8zuum,Queen,5,gkjg4a,11,39365,1,0,228,0,True,0
189757.500961842,lvstajt8zuum,Queen,5,gkjg4a,11,39365,2,100,0,0,True,0
189790.686863459,lvstajt8zuum,Queen,9,gkjg4a,33,62790,1,0,228,0,True,0
189791.060847347,lvstajt8zuum,Queen,9,gkjg4a,33,62790,2,100,0,0,True,0
189792.146357523,lvstajt8zuum,Queen,9,gkjg4a,52,38852,1,0,228,0,True,0
189792.511727021,lvstajt8zuum,Queen,9,gkjg4a,52,38852,2,100,0,0,True,0
189793.224894159,lvstajt8zuum,Queen,9,3ormp2,44,15890,2,0,100,0,True,0
189793.885322128,lvstajt8zuum,Queen,9,gkjg4a,36,53797,2,0,0,100,True,0
189796.768403993,lvstajt8zuum,Queen,9,gkjg4a,52,38852,2,0,0,100,True,0
189796.948063228,lvstajt8zuum,Queen,9,3ormp2,76,62735,2,0,100,0,True,0
189843.175621143,lvstajt8zuum,Queen,14,gkjg4a,74,3455,2,0,0,100,True,0
