t,addr,owner,current_round,file_id,chunk_id,mess_id,type,sent,received,forwarded,success,messages_in_queue
189709.690250857,npcbsazoydbe,Queen,1,gkjg4a,31,4106,1,0,228,0,True,0
189710.056314231,npcbsazoydbe,Queen,1,gkjg4a,31,4106,2,100,0,0,True,0
189711.258362727,npcbsazoydbe,Queen,1,gkjg4a,65,35781,1,0,228,0,True,0
189711.624449804,npcbsazoydbe,Queen,1,gkjg4a,65,35781,2,100,0,0,True,0
189714.896139763,npcbsazoydbe,Queen,1,3ormp2,45,49226,2,0,100,0,True,0
189721.670447945,npcbsazoydbe,Queen,2,gkjg4a,26,52458,1,0,228,0,True,0
189722.033319888,npcbsazoydbe,Queen,2,gkjg4a,26,52458,2,100,0,0,True,0
189726.385296895,npcbsazoydbe,Queen,2,3ormp2,63,32989,2,0,100,0,True,0
189726.727639899,npcbsazoydbe,Queen,2,gkjg4a,0,11043,1,0,228,0,True,0
189727.0976343,npcbsazoydbe,Queen,2,gkjg4a,0,11043,2,100,0,0,True,0
189736.068662022,npcbsazoydbe,Queen,3,3ormp2,61,12312,2,0,100,0,True,0
189748.224489866,npcbsazoydbe,Queen,4,3ormp2,17,52850,2,0,100,0,True,0
189750.681737412,npcbsazoydbe,Queen,5,gkjg4a,22,2192,1,0,228,0,True,0
189751.053370894,npcbsazoydbe,Queen,5,gkjg4a,22,2192,2,100,0,0,True,0
189751.138224635,npcbsazoydbe,Queen,5,3ormp2,79,45615,2,0,100,0,True,0
189756.453937473,npcbsazoydbe,Queen,5,3ormp2,56,46209,2,0,100,0,True,0
189796.588379419,npcbsazoydbe,Queen,9,3ormp2,65,25034,2,0,100,0,True,0
189809.413653312,npcbsazoydbe,Queen,11,3ormp2,27,6682,2,0,100,0,True,0
189815.84440543,npcbsazoydbe,Queen,11,gkjg4a,38,27096,1,0,228,0,True,0
189816.214212126,npcbsazoydbe,Queen,11,gkjg4a,38,27096,2,100,0,0,True,0
190010.135182127,npcbsazoydbe,Queen,31,3ormp2,44,45058,2,0,100,0,True,0
