t,addr,owner,current_round,file_id,chunk_id,mess_id,type,sent,received,forwarded,success,messages_in_queue
189107.377206924,o2xqipgqb4sq,Isaura,1,e4vh3n,15,53843,2,0,100,0,True,0
189113.403595267,o2xqipgqb4sq,Isaura,1,e4vh3n,49,35959,2,0,100,0,True,0
189115.513695847,o2xqipgqb4sq,Isaura,1,e4vh3n,75,40699,2,0,100,0,True,0
189124.473306055,o2xqipgqb4sq,Isaura,2,e4vh3n,17,4646,2,0,100,0,True,0
189127.9269577,o2xqipgqb4sq,Isaura,3,e4vh3n,4,18247,2,0,100,0,True,0
189144.099838192,o2xqipgqb4sq,Isaura,4,e4vh3n,18,52615,2,0,100,0,True,0
189146.741070942,o2xqipgqb4sq,Isaura,4,e4vh3n,32,33120,2,0,100,0,True,0
189176.620777585,o2xqipgqb4sq,Isaura,7,e4vh3n,55,55845,2,0,100,0,True,0
189183.653838107,o2xqipgqb4sq,Isaura,8,e4vh3n,23,38551,2,0,100,0,True,0
189185.636485608,o2xqipgqb4sq,Isaura,8,e4vh3n,47,39889,2,0,100,0,True,0
189187.319884349,o2xqipgqb4sq,Isaura,9,e4vh3n,9,56363,2,0,100,0,True,0
189190.247021295,o2xqipgqb4sq,Isaura,9,e4vh3n,24,26034,2,0,100,0,True,0
189190.967694897,o2xqipgqb4sq,Isaura,9,e4vh3n,46,19747,2,0,100,0,True,0
189203.41493328,o2xqipgqb4sq,Isaura,10,e4vh3n,30,35215,2,0,100,0,True,0
189207.811361616,o2xqipgqb4sq,Isaura,11,e4vh3n,37,52797,2,0,100,0,True,0
189210.381870093,o2xqipgqb4sq,Isaura,11,e4vh3n,45,35515,2,0,100,0,True,0
189210.795210813,o2xqipgqb4sq,Isaura,11,e4vh3n,13,27585,2,0,100,0,True,0
189212.80333832,o2xqipgqb4sq,Isaura,11,e4vh3n,1,1559,2,0,100,0,True,0
189214.613443004,o2xqipgqb4sq,Isaura,11,e4vh3n,22,4284,2,0,100,0,True,0
189254.402759565,o2xqipgqb4sq,Isaura,15,e4vh3n,34,3003,2,0,100,0,True,0
189254.444086666,o2xqipgqb4sq,Isaura,15,e4vh3n,34,55547,2,0,100,0,True,0
189258.361385829,o2xqipgqb4sq,Isaura,16,e4vh3n,34,62744,2,0,100,0,True,0
189278.334089406,o2xqipgqb4sq,Isaura,18,e4vh3n,0,11449,2,0,100,0,True,0
189298.291012133,o2xqipgqb4sq,Isaura,20,e4vh3n,76,58697,2,0,100,0,True,0
189307.789160366,o2xqipgqb4sq,Isaura,21,e4vh3n,34,60509,2,0,100,0,True,0
