t,addr,owner,current_round,file_id,chunk_id,mess_id,type,sent,received,forwarded,success
167018.688437042,ajb7ly56be7c,Bronwyn,0,d1wh07,57,3482480954,1,0,0,228,True
167019.402613667,ajb7ly56be7c,Bronwyn,0,d1wh07,14,290322236,1,0,0,228,True
167022.913622262,ajb7ly56be7c,Bronwyn,0,d1wh07,11,1288060453,2,0,0,100,True
167029.984898467,ajb7ly56be7c,Bronwyn,1,d1wh07,70,1528486703,1,0,0,228,True
167030.753375401,ajb7ly56be7c,Bronwyn,1,d1wh07,3,800650593,2,0,0,100,True
167033.550367433,ajb7ly56be7c,Bronwyn,1,d1wh07,70,811021336,2,0,0,100,True
167034.238928865,ajb7ly56be7c,Bronwyn,1,d1wh07,34,567441852,1,0,0,228,True
167035.480549308,ajb7ly56be7c,Bronwyn,1,d1wh07,0,1089206186,1,0,0,228,True
167049.203212022,ajb7ly56be7c,Bronwyn,3,d1wh07,15,4050512035,2,0,0,100,True
167058.492517098,ajb7ly56be7c,Bronwyn,4,d1wh07,29,2761795276,1,0,0,228,True
167059.887174695,ajb7ly56be7c,Bronwyn,4,d1wh07,58,3381544336,1,0,0,228,True
167061.360362506,ajb7ly56be7c,Bronwyn,4,d1wh07,29,2412334920,2,0,0,100,True
167062.044111514,ajb7ly56be7c,Bronwyn,4,d1wh07,55,2018781601,1,0,0,228,True
167062.723202878,ajb7ly56be7c,Bronwyn,4,d1wh07,58,1792868587,2,0,0,100,True
167064.057230031,ajb7ly56be7c,Bronwyn,4,d1wh07,63,3548037180,1,0,0,228,True
167064.748917884,ajb7ly56be7c,Bronwyn,4,d1wh07,71,2673111603,1,0,0,228,True
167089.168637324,ajb7ly56be7c,Bronwyn,7,d1wh07,68,3794898317,1,0,0,228,True
167089.549697646,ajb7ly56be7c,Bronwyn,7,d1wh07,40,420295106,2,0,0,100,True
167089.937275204,ajb7ly56be7c,Bronwyn,7,d1wh07,53,3494563644,2,0,0,100,True
167091.936952456,ajb7ly56be7c,Bronwyn,7,d1wh07,2,914528092,1,0,0,228,True
167092.300383153,ajb7ly56be7c,Bronwyn,7,d1wh07,68,880633098,2,0,0,100,True
167094.025673042,ajb7ly56be7c,Bronwyn,7,d1wh07,43,156431918,1,0,0,228,True
167094.388708274,ajb7ly56be7c,Bronwyn,7,d1wh07,16,2413930554,2,0,0,100,True
167096.783885054,ajb7ly56be7c,Bronwyn,8,d1wh07,64,3234889792,1,0,0,228,True
167097.480718364,ajb7ly56be7c,Bronwyn,8,d1wh07,25,1879281600,1,0,0,228,True
167099.548498979,ajb7ly56be7c,Bronwyn,8,d1wh07,30,1558915831,1,0,0,228,True
167102.35288987,ajb7ly56be7c,Bronwyn,8,d1wh07,27,3131095744,1,0,0,228,True
167105.118571488,ajb7ly56be7c,Bronwyn,8,d1wh07,44,3712635561,2,0,0,100,True
167107.254778909,ajb7ly56be7c,Bronwyn,9,d1wh07,44,3940964438,2,0,0,100,True
